Prompt,BLEU,ROUGE_L,ChrF,CodeBLEU,Levenshtein,CodeBERTScore,EmbeddingCosine,CloneJaccard
instruction_prompt,44.25352407373124,46.40902361437283,62.316305732986486,73.15221317877169,3277.9675,92.72676111757755,0.9955911540985107,40.64406138065582
cot_prompt,45.45931927918242,47.564993465970495,62.69432731366694,73.13405461573569,3205.255,92.74411529302597,0.9954977072775364,41.48013009704103
few_shot_prompt,46.601778929467216,49.183734967388574,63.1363895743272,72.17772881864099,3109.815,93.2461438626051,0.9966078020632267,44.39019754076997
react_prompt,45.68528615335902,47.910671832630655,62.39547900542376,72.62303784534161,3154.1704260651627,92.7792195240059,0.9954662596372733,41.70712538162163
expert_prompt,45.13848278536555,47.30058460321609,61.60174485581008,71.95008085922676,3160.92,92.6343938857317,0.9954309768974781,41.56513724946326
self_consistency_prompt,45.00141632822062,46.9483123327945,64.13576505568912,74.33687710777386,3328.3125,92.93448124825954,0.9960798312723637,41.59255528719982
