Prompt,BLEU,ROUGE_L,ChrF,CodeBLEU,Levenshtein,CodeBERTScore,EmbeddingCosine,CloneJaccard
instruction_prompt,45.410657261414755,46.677036570329236,64.4849892845736,75.98913061548672,3370.1525,93.03794550895691,0.9963699381053448,43.90593712157792
cot_prompt,45.27796555982557,46.49698342620768,64.84311260770124,76.33487980190007,3396.4375,93.09468114376068,0.9965616676211357,43.813545603532354
few_shot_prompt,46.47399139048872,48.33341229436188,65.71244064052169,76.5356323792358,3330.115,93.4319310337305,0.9969981484115124,45.553803340254596
react_prompt,45.29804667767817,46.73019773256221,65.13563852791648,76.48135108858645,3434.6775,93.04660454392433,0.9965785343945026,44.317522855178595
expert_prompt,45.55327865962274,46.8126313343889,64.15410554211543,75.64744098738814,3326.105,93.06499749422073,0.9965310299396515,44.01134615836216
self_consistency_prompt,44.23910253965267,46.13348717430443,66.33254137738966,77.3026823436252,3619.32,92.87803187966347,0.9966145618259907,43.47526323054779
